{
    "biometric": {
        "MOTION": {
            "commRounds": {
                "mixed": 21002.82368,
                "unmixed": 27272.28416
            },
            "dataSent": {
                "mixed": 2.710745734736842,
                "unmixed": 13.121080050526318
            },
            "time": {
                "mixed": 5.478353870187786,
                "unmixed": 12.69340580703663
            }
        },
        "MP-SPDZ": {
            "commRounds": {
                "mixed": 5.12,
                "unmixed": 5.12
            },
            "dataSent": {
                "mixed": 1.8946419968000006,
                "unmixed": 2.5214332550736844
            },
            "time": {
                "mixed": 0.026361020576687162,
                "unmixed": 0.03491534389121354
            }
        }
    },
    "biometric_fast": {
        "MOTION": {
            "commRounds": {
                "mixed": 848.032,
                "unmixed": 5736.576
            },
            "dataSent": {
                "mixed": 0.09386077192982459,
                "unmixed": 0.6267839999999998
            },
            "time": {
                "mixed": 0.20480749258947362,
                "unmixed": 1.2192082801122808
            }
        },
        "MP-SPDZ": {
            "commRounds": {
                "mixed": 0.0,
                "unmixed": 0.0
            },
            "dataSent": {
                "mixed": 0.056892294175438604,
                "unmixed": 0.07864590821052632
            },
            "time": {
                "mixed": 0.0011076500879298244,
                "unmixed": 0.0013447668163508795
            }
        }
    },
    "chapterfour_figure_12": {
        "MOTION": {
            "commRounds": {
                "mixed": 324.0,
                "unmixed": 360.0
            },
            "dataSent": {
                "mixed": 0.02073684210526316,
                "unmixed": 0.02073684210526316
            },
            "time": {
                "mixed": 0.0637798684210526,
                "unmixed": 0.07435117368421051
            }
        },
        "MP-SPDZ": {
            "commRounds": {
                "mixed": 0.0,
                "unmixed": 0.0
            },
            "dataSent": {
                "mixed": 0.0011256842105263156,
                "unmixed": 0.0011256842105263156
            },
            "time": {
                "mixed": 2.2598089473684463e-05,
                "unmixed": 2.2598089473684463e-05
            }
        }
    },
    "convex_hull": {
        "MOTION": {
            "commRounds": {
                "mixed": 1122.48,
                "unmixed": 1122.48
            },
            "dataSent": {
                "mixed": 0.10239368421052626,
                "unmixed": 0.10239368421052626
            },
            "time": {
                "mixed": 0.265233644,
                "unmixed": 0.265233644
            }
        },
        "MP-SPDZ": {
            "commRounds": {
                "mixed": 0.0,
                "unmixed": 0.0
            },
            "dataSent": {
                "mixed": 0.012972936842105268,
                "unmixed": 0.012972936842105268
            },
            "time": {
                "mixed": 0.0003763613021052632,
                "unmixed": 0.0003763613021052632
            }
        }
    },
    "count_102": {
        "MOTION": {
            "commRounds": {
                "mixed": 1798.0,
                "unmixed": 3428.0
            },
            "dataSent": {
                "mixed": 0.17873684210526308,
                "unmixed": 0.21347368421052632
            },
            "time": {
                "mixed": 0.39446708947368414,
                "unmixed": 0.39446708947368414
            }
        },
        "MP-SPDZ": {
            "commRounds": {
                "mixed": 0.0,
                "unmixed": 0.0
            },
            "dataSent": {
                "mixed": 0.015956315789473687,
                "unmixed": 0.015956315789473687
            },
            "time": {
                "mixed": 0.0002649060789473692,
                "unmixed": 0.0002649060789473692
            }
        }
    },
    "count_10s": {
        "MOTION": {
            "commRounds": {
                "mixed": 1337.56,
                "unmixed": 2478.56
            },
            "dataSent": {
                "mixed": 0.12909473684210523,
                "unmixed": 0.1534105263157895
            },
            "time": {
                "mixed": 0.2892067794736842,
                "unmixed": 0.2892067794736842
            }
        },
        "MP-SPDZ": {
            "commRounds": {
                "mixed": 0.0,
                "unmixed": 0.0
            },
            "dataSent": {
                "mixed": 0.011169332631578955,
                "unmixed": 0.011169332631578955
            },
            "time": {
                "mixed": 0.00017089740684210605,
                "unmixed": 0.00017089740684210605
            }
        }
    },
    "count_123": {
        "MOTION": {
            "commRounds": {
                "mixed": 1339.8,
                "unmixed": 2480.8
            },
            "dataSent": {
                "mixed": 0.13005263157894734,
                "unmixed": 0.1543684210526316
            },
            "time": {
                "mixed": 0.2918398486315789,
                "unmixed": 0.2918398486315789
            }
        },
        "MP-SPDZ": {
            "commRounds": {
                "mixed": 0.0,
                "unmixed": 0.0
            },
            "dataSent": {
                "mixed": 0.011248528421052638,
                "unmixed": 0.011248528421052638
            },
            "time": {
                "mixed": 0.00016075914473684296,
                "unmixed": 0.00016075914473684296
            }
        }
    },
    "cryptonets_max_pooling": {
        "MOTION": {
            "commRounds": {
                "mixed": 588.0,
                "unmixed": 648.0
            },
            "dataSent": {
                "mixed": 0.11602105263157894,
                "unmixed": 0.11602105263157894
            },
            "time": {
                "mixed": 0.1858805021052631,
                "unmixed": 0.1858805021052631
            }
        },
        "MP-SPDZ": {
            "commRounds": {
                "mixed": 0.0,
                "unmixed": 0.0
            },
            "dataSent": {
                "mixed": 0.03198576842105264,
                "unmixed": 0.03198576842105264
            },
            "time": {
                "mixed": 0.0007381401421052633,
                "unmixed": 0.0007381401421052633
            }
        }
    },
    "db_cross_join_trivial": {
        "MOTION": {
            "commRounds": {
                "mixed": 78.75,
                "unmixed": 78.75
            },
            "dataSent": {
                "mixed": 0.04638157894736841,
                "unmixed": 0.04638157894736841
            },
            "time": {
                "mixed": 0.19820153190789477,
                "unmixed": 0.19820153190789477
            }
        },
        "MP-SPDZ": {
            "commRounds": {
                "mixed": 0.0,
                "unmixed": 0.0
            },
            "dataSent": {
                "mixed": 0.019511960526315795,
                "unmixed": 0.019511960526315795
            },
            "time": {
                "mixed": 0.00043722099473684204,
                "unmixed": 0.00043722099473684204
            }
        }
    },
    "db_variance": {
        "MOTION": {
            "commRounds": {
                "mixed": 5631.24,
                "unmixed": 13560.48
            },
            "dataSent": {
                "mixed": 0.3908231578947367,
                "unmixed": 0.9142105263157894
            },
            "time": {
                "mixed": 1.5919058118947371,
                "unmixed": 2.6521624694736845
            }
        },