{
    "biometric": {
        "MOTION": {
            "commRounds": {
                "mixed": 663232.0,
                "unmixed": 5360064.0
            },
            "dataSent": {
                "mixed": 94.07129824561407,
                "unmixed": 628.0471578947366
            },
            "time": {
                "mixed": 69702.85934035089,
                "unmixed": 471904.5104561404
            }
        },
        "MP-SPDZ": {
            "commRounds": {
                "mixed": 0.0,
                "unmixed": 0.0
            },
            "dataSent": {
                "mixed": 56.89229417543861,
                "unmixed": 78.64590821052633
            },
            "time": {
                "mixed": 1.1048551331929823,
                "unmixed": 1.3414972581052655
            }
        }
    },
    "biometric_fast": {
        "MOTION": {
            "commRounds": {
                "mixed": 848032.0,
                "unmixed": 5736576.0
            },
            "dataSent": {
                "mixed": 94.07129824561407,
                "unmixed": 626.9945263157894
            },
            "time": {
                "mixed": 69727.2650245614,
                "unmixed": 494783.18731228076
            }
        },
        "MP-SPDZ": {
            "commRounds": {
                "mixed": 0.0,
                "unmixed": 0.0
            },
            "dataSent": {
                "mixed": 56.89229417543861,
                "unmixed": 78.64590821052633
            },
            "time": {
                "mixed": 1.1048551331929823,
                "unmixed": 1.3414972581052655
            }
        }
    },
    "chapterfour_figure_12": {
        "MOTION": {
            "commRounds": {
                "mixed": 324000.0,
                "unmixed": 360000.0
            },
            "dataSent": {
                "mixed": 20.84210526315791,
                "unmixed": 20.84210526315791
            },
            "time": {
                "mixed": 19079.347368421037,
                "unmixed": 19079.347368421037
            }
        },
        "MP-SPDZ": {
            "commRounds": {
                "mixed": 0.0,
                "unmixed": 0.0
            },
            "dataSent": {
                "mixed": 1.1256842105263156,
                "unmixed": 1.1256842105263156
            },
            "time": {
                "mixed": 0.022287315789473922,
                "unmixed": 0.022287315789473922
            }
        }
    },
    "convex_hull": {
        "MOTION": {
            "commRounds": {
                "mixed": 1122480.0,
                "unmixed": 1122480.0
            },
            "dataSent": {
                "mixed": 102.45263157894738,
                "unmixed": 102.45263157894738
            },
            "time": {
                "mixed": 60957.4954736842,
                "unmixed": 60957.4954736842
            }
        },
        "MP-SPDZ": {
            "commRounds": {
                "mixed": 0.0,
                "unmixed": 0.0
            },
            "dataSent": {
                "mixed": 12.97246315789474,
                "unmixed": 12.97246315789474
            },
            "time": {
                "mixed": 0.37032488842105266,
                "unmixed": 0.37032488842105266
            }
        }
    },
    "count_102": {
        "MOTION": {
            "commRounds": {
                "mixed": 1798000.0,
                "unmixed": 3428000.0
            },
            "dataSent": {
                "mixed": 178.73684210526312,
                "unmixed": 213.47368421052636
            },
            "time": {
                "mixed": 238647.97368421053,
                "unmixed": 245756.68421052626
            }
        },
        "MP-SPDZ": {
            "commRounds": {
                "mixed": 0.0,
                "unmixed": 0.0
            },
            "dataSent": {
                "mixed": 15.952105263157893,
                "unmixed": 15.952105263157893
            },
            "time": {
                "mixed": 0.16500142105263152,
                "unmixed": 0.16500142105263152
            }
        }
    },
    "count_10s": {
        "MOTION": {
            "commRounds": {
                "mixed": 1337560.0,
                "unmixed": 2478560.0
            },
            "dataSent": {
                "mixed": 128.9621052631579,
                "unmixed": 153.27789473684214
            },
            "time": {
                "mixed": 167053.5815789474,
                "unmixed": 172029.67894736837
            }
        },
        "MP-SPDZ": {
            "commRounds": {
                "mixed": 0.0,
                "unmixed": 0.0
            },
            "dataSent": {
                "mixed": 11.166385263157903,
                "unmixed": 11.166385263157903
            },
            "time": {
                "mixed": 0.09784120315789488,
                "unmixed": 0.09784120315789488
            }
        }
    },
    "count_123": {
        "MOTION": {
            "commRounds": {
                "mixed": 1339800.0,
                "unmixed": 2480800.0
            },
            "dataSent": {
                "mixed": 129.92,
                "unmixed": 154.23578947368424
            },
            "time": {
                "mixed": 167053.5815789474,
                "unmixed": 172029.67894736837
            }
        },
        "MP-SPDZ": {
            "commRounds": {
                "mixed": 0.0,
                "unmixed": 0.0
            },
            "dataSent": {
                "mixed": 11.245581052631586,
                "unmixed": 11.245581052631586
            },
            "time": {
                "mixed": 0.08154182842105286,
                "unmixed": 0.08154182842105286
            }
        }
    },
    "cryptonets_max_pooling": {
        "MOTION": {
            "commRounds": {
                "mixed": 588000.0,
                "unmixed": 648000.0
            },
            "dataSent": {
                "mixed": 116.04210526315798,
                "unmixed": 116.04210526315798
            },
            "time": {
                "mixed": 54084.08315789472,
                "unmixed": 54084.08315789472
            }
        },
        "MP-SPDZ": {
            "commRounds": {
                "mixed": 0.0,
                "unmixed": 0.0
            },
            "dataSent": {
                "mixed": 31.98576842105264,
                "unmixed": 31.98576842105264
            },
            "time": {
                "mixed": 0.7355909894736845,
                "unmixed": 0.7355909894736845
            }
        }
    },
    "db_cross_join_trivial": {
        "MOTION": {
            "commRounds": {
                "mixed": 78750.0,
                "unmixed": 78750.0
            },
            "dataSent": {
                "mixed": 46.34210526315787,
                "unmixed": 46.34210526315787
            },
            "time": {
                "mixed": 6427.888815789472,
                "unmixed": 6427.888815789472
            }
        },
        "MP-SPDZ": {
            "commRounds": {
                "mixed": 0.0,
                "unmixed": 0.0
            },
            "dataSent": {
                "mixed": 19.511960526315793,
                "unmixed": 19.511960526315793
            },
            "time": {
                "mixed": 0.42961227631578947,
                "unmixed": 0.42961227631578947
            }
        }
    },
    "db_variance": {
        "MOTION": {
            "commRounds": {
                "mixed": 5631240.0,
                "unmixed": 13560480.0
            },
            "dataSent": {
                "mixed": 390.8231578947367,
                "unmixed": 914.2105263157894
            },
            "time": {
                "mixed": 57369.21084210527,
                "unmixed": 654324.1397894736
            }
        },
        "MP-SPDZ": {
            "commRounds": {
                "mixed": 0.0,
                "unmixed": 0.0
            },