{
    "count_102": {
        "N = 1024": {
            "A": {
                "commRounds": 9106.0,
                "dataSent": 622.169,
                "time": 6.412281
            },
            "B": {
                "commRounds": 8301.0,
                "dataSent": 1.98833,
                "time": 0.46955840000000004
            },
            "X": {
                "commRounds": 7802.0,
                "dataSent": 20.1371,
                "time": 0.9614217
            },
            "Y": {
                "commRounds": 6970.0,
                "dataSent": 17.391799999999996,
                "time": 0.5262622
            },
            "mixed": {
                "commRounds": 8301.0,
                "dataSent": 1.98833,
                "time": 0.4758275000000001
            }
        }
    },
    "count_123": {
        "N = 1024": {
            "A": {
                "commRounds": 9115.0,
                "dataSent": 625.2839999999999,
                "time": 6.421529
            },
            "B": {
                "commRounds": 8301.0,
                "dataSent": 1.9969100000000002,
                "time": 0.48601020000000006
            },
            "X": {
                "commRounds": 7811.0,
                "dataSent": 23.3254,
                "time": 1.0305312
            },
            "Y": {
                "commRounds": 6979.0,
                "dataSent": 20.580100000000005,
                "time": 0.5547394999999999
            },
            "mixed": {
                "commRounds": 8301.0,
                "dataSent": 1.9969100000000002,
                "time": 0.4867224000000001
            }
        }
    },
    "inner_product": {
        "N = 512": {
            "A": {
                "commRounds": 14.0,
                "dataSent": 1.5991,
                "time": 0.028811360000000008
            },
            "B": {
                "commRounds": 1187.0,
                "dataSent": 3.4154100000000005,
                "time": 0.12248810000000002
            },
            "X": {
                "commRounds": 14.0,
                "dataSent": 1.5991,
                "time": 0.028623439999999993
            },
            "Y": {
                "commRounds": 14.0,
                "dataSent": 1.5991,
                "time": 0.02878758
            },
            "mixed": {
                "commRounds": 14.0,
                "dataSent": 1.5991,
                "time": 0.028537550000000002
            }
        }
    },
    "psi": {
        "SA = 128, SB = 128": {
            "A": {
                "commRounds": 75.0,
                "dataSent": 7.07649,
                "time": 0.09420087
            },
            "B": {
                "commRounds": 44.0,
                "dataSent": 0.030445999999999994,
                "time": 0.008463762
            },
            "X": {
                "commRounds": 72.0,
                "dataSent": 0.23457600000000006,
                "time": 0.017622439999999996
            },
            "Y": {
                "commRounds": 295.0,
                "dataSent": 0.259824,
                "time": 0.03251284
            },
            "mixed": {
                "commRounds": 44.0,
                "dataSent": 0.030445999999999994,
                "time": 0.008933680000000001
            }
        },
        "SA = 256, SB = 256": {
            "A": {
                "commRounds": 75.0,
                "dataSent": 7.07649,
                "time": 0.09544880000000001
            },
            "B": {
                "commRounds": 44.0,
                "dataSent": 0.030445999999999994,
                "time": 0.008842515
            },
            "X": {
                "commRounds": 72.0,
                "dataSent": 0.23457600000000006,
                "time": 0.018901010000000003
            },
            "Y": {
                "commRounds": 295.0,
                "dataSent": 0.259824,
                "time": 0.03345004
            },
            "mixed": {
                "commRounds": 44.0,
                "dataSent": 0.030445999999999994,
                "time": 0.008989791
            }
        }
    }
}